run_id,asset_id,asset_class,timestamp,tag_id,signal_class,value,unit,quality,sampling_interval_ms,operating_regime,is_anomaly,event_id
challenge-new-regime-01,pump-01,pump,2026-02-01T00:00:00+00:00,t,temperature,52.0,degC,good,60000,startup-unseen,true,challenge-event-01
challenge-new-regime-01,pump-01,pump,2026-02-01T00:00:00+00:00,v,vibration,2.2,mm/s,good,60000,startup-unseen,true,challenge-event-01
challenge-new-regime-01,pump-01,pump,2026-02-01T00:00:00+00:00,p,pressure,305,kPa,good,60000,startup-unseen,true,challenge-event-01
challenge-new-regime-01,pump-01,pump,2026-02-01T00:01:00+00:00,t,temperature,52.02,degC,good,60000,startup-unseen,true,challenge-event-01
challenge-new-regime-01,pump-01,pump,2026-02-01T00:01:00+00:00,v,vibration,2.2,mm/s,good,60000,startup-unseen,true,challenge-event-01
challenge-new-regime-01,pump-01,pump,2026-02-01T00:01:00+00:00,p,pressure,305,kPa,good,60000,startup-unseen,true,challenge-event-01
challenge-new-regime-01,pump-01,pump,2026-02-01T00:02:00+00:00,t,temperature,52.04,degC,good,60000,startup-unseen,true,challenge-event-01
challenge-new-regime-01,pump-01,pump,2026-02-01T00:02:00+00:00,v,vibration,2.2,mm/s,good,60000,startup-unseen,true,challenge-event-01
challenge-new-regime-01,pump-01,pump,2026-02-01T00:02:00+00:00,p,pressure,305,kPa,good,60000,startup-unseen,true,challenge-event-01
challenge-new-regime-01,pump-01,pump,2026-02-01T00:03:00+00:00,t,temperature,52.06,degC,good,60000,startup-unseen,true,challenge-event-01
challenge-new-regime-01,pump-01,pump,2026-02-01T00:03:00+00:00,v,vibration,2.2,mm/s,good,60000,startup-unseen,true,challenge-event-01
challenge-new-regime-01,pump-01,pump,2026-02-01T00:03:00+00:00,p,pressure,305,kPa,good,60000,startup-unseen,true,challenge-event-01
challenge-new-regime-01,pump-01,pump,2026-02-01T00:04:00+00:00,t,temperature,52.08,degC,good,60000,startup-unseen,true,challenge-event-01
challenge-new-regime-01,pump-01,pump,2026-02-01T00:04:00+00:00,v,vibration,2.2,mm/s,good,60000,startup-unseen,true,challenge-event-01
challenge-new-regime-01,pump-01,pump,2026-02-01T00:04:00+00:00,p,pressure,305,kPa,good,60000,startup-unseen,true,challenge-event-01
challenge-new-regime-01,pump-01,pump,2026-02-01T00:05:00+00:00,t,temperature,52.1,degC,good,60000,startup-unseen,true,challenge-event-01
challenge-new-regime-01,pump-01,pump,2026-02-01T00:05:00+00:00,v,vibration,2.2,mm/s,good,60000,startup-unseen,true,challenge-event-01
challenge-new-regime-01,pump-01,pump,2026-02-01T00:05:00+00:00,p,pressure,305,kPa,good,60000,startup-unseen,true,challenge-event-01
challenge-new-regime-01,pump-01,pump,2026-02-01T00:06:00+00:00,t,temperature,52.12,degC,good,60000,startup-unseen,true,challenge-event-01
challenge-new-regime-01,pump-01,pump,2026-02-01T00:06:00+00:00,v,vibration,2.2,mm/s,good,60000,startup-unseen,true,challenge-event-01
challenge-new-regime-01,pump-01,pump,2026-02-01T00:06:00+00:00,p,pressure,305,kPa,good,60000,startup-unseen,true,challenge-event-01
challenge-new-regime-01,pump-01,pump,2026-02-01T00:07:00+00:00,t,temperature,52.14,degC,good,60000,startup-unseen,true,challenge-event-01
challenge-new-regime-01,pump-01,pump,2026-02-01T00:07:00+00:00,v,vibration,2.2,mm/s,good,60000,startup-unseen,true,challenge-event-01
challenge-new-regime-01,pump-01,pump,2026-02-01T00:07:00+00:00,p,pressure,305,kPa,good,60000,startup-unseen,true,challenge-event-01
challenge-new-regime-01,pump-01,pump,2026-02-01T00:08:00+00:00,t,temperature,52.16,degC,good,60000,startup-unseen,true,challenge-event-01
challenge-new-regime-01,pump-01,pump,2026-02-01T00:08:00+00:00,v,vibration,2.2,mm/s,good,60000,startup-unseen,true,challenge-event-01
challenge-new-regime-01,pump-01,pump,2026-02-01T00:08:00+00:00,p,pressure,305,kPa,good,60000,startup-unseen,true,challenge-event-01
challenge-new-regime-01,pump-01,pump,2026-02-01T00:09:00+00:00,t,temperature,52.18,degC,good,60000,startup-unseen,true,challenge-event-01
challenge-new-regime-01,pump-01,pump,2026-02-01T00:09:00+00:00,v,vibration,2.2,mm/s,good,60000,startup-unseen,true,challenge-event-01
challenge-new-regime-01,pump-01,pump,2026-02-01T00:09:00+00:00,p,pressure,305,kPa,good,60000,startup-unseen,true,challenge-event-01
challenge-new-regime-01,pump-01,pump,2026-02-01T00:10:00+00:00,t,temperature,52.2,degC,good,60000,startup-unseen,true,challenge-event-01
challenge-new-regime-01,pump-01,pump,2026-02-01T00:10:00+00:00,v,vibration,2.2,mm/s,good,60000,startup-unseen,true,challenge-event-01
challenge-new-regime-01,pump-01,pump,2026-02-01T00:10:00+00:00,p,pressure,305,kPa,good,60000,startup-unseen,true,challenge-event-01
challenge-new-regime-01,pump-01,pump,2026-02-01T00:11:00+00:00,t,temperature,52.22,degC,good,60000,startup-unseen,true,challenge-event-01
challenge-new-regime-01,pump-01,pump,2026-02-01T00:11:00+00:00,v,vibration,2.2,mm/s,good,60000,startup-unseen,true,challenge-event-01
challenge-new-regime-01,pump-01,pump,2026-02-01T00:11:00+00:00,p,pressure,305,kPa,good,60000,startup-unseen,true,challenge-event-01
challenge-new-regime-01,pump-01,pump,2026-02-01T00:12:00+00:00,t,temperature,52.24,degC,good,60000,startup-unseen,true,challenge-event-01
challenge-new-regime-01,pump-01,pump,2026-02-01T00:12:00+00:00,v,vibration,2.2,mm/s,good,60000,startup-unseen,true,challenge-event-01
challenge-new-regime-01,pump-01,pump,2026-02-01T00:12:00+00:00,p,pressure,305,kPa,good,60000,startup-unseen,true,challenge-event-01
challenge-new-regime-01,pump-01,pump,2026-02-01T00:13:00+00:00,t,temperature,52.26,degC,good,60000,startup-unseen,true,challenge-event-01
challenge-new-regime-01,pump-01,pump,2026-02-01T00:13:00+00:00,v,vibration,2.2,mm/s,good,60000,startup-unseen,true,challenge-event-01
challenge-new-regime-01,pump-01,pump,2026-02-01T00:13:00+00:00,p,pressure,305,kPa,good,60000,startup-unseen,true,challenge-event-01
challenge-new-regime-01,pump-01,pump,2026-02-01T00:14:00+00:00,t,temperature,52.28,degC,good,60000,startup-unseen,true,challenge-event-01
challenge-new-regime-01,pump-01,pump,2026-02-01T00:14:00+00:00,v,vibration,2.2,mm/s,good,60000,startup-unseen,true,challenge-event-01
challenge-new-regime-01,pump-01,pump,2026-02-01T00:14:00+00:00,p,pressure,305,kPa,good,60000,startup-unseen,true,challenge-event-01
challenge-new-regime-01,pump-01,pump,2026-02-01T00:15:00+00:00,t,temperature,52.3,degC,good,60000,startup-unseen,true,challenge-event-01
challenge-new-regime-01,pump-01,pump,2026-02-01T00:15:00+00:00,v,vibration,2.2,mm/s,good,60000,startup-unseen,true,challenge-event-01
challenge-new-regime-01,pump-01,pump,2026-02-01T00:15:00+00:00,p,pressure,305,kPa,good,60000,startup-unseen,true,challenge-event-01
challenge-new-regime-01,pump-01,pump,2026-02-01T00:16:00+00:00,t,temperature,52.32,degC,good,60000,startup-unseen,true,challenge-event-01
challenge-new-regime-01,pump-01,pump,2026-02-01T00:16:00+00:00,v,vibration,2.2,mm/s,good,60000,startup-unseen,true,challenge-event-01
challenge-new-regime-01,pump-01,pump,2026-02-01T00:16:00+00:00,p,pressure,305,kPa,good,60000,startup-unseen,true,challenge-event-01
challenge-new-regime-01,pump-01,pump,2026-02-01T00:17:00+00:00,t,temperature,52.34,degC,good,60000,startup-unseen,true,challenge-event-01
challenge-new-regime-01,pump-01,pump,2026-02-01T00:17:00+00:00,v,vibration,2.2,mm/s,good,60000,startup-unseen,true,challenge-event-01
challenge-new-regime-01,pump-01,pump,2026-02-01T00:17:00+00:00,p,pressure,305,kPa,good,60000,startup-unseen,true,challenge-event-01
challenge-new-regime-01,pump-01,pump,2026-02-01T00:18:00+00:00,t,temperature,52.36,degC,good,60000,startup-unseen,true,challenge-event-01
challenge-new-regime-01,pump-01,pump,2026-02-01T00:18:00+00:00,v,vibration,2.2,mm/s,good,60000,startup-unseen,true,challenge-event-01
challenge-new-regime-01,pump-01,pump,2026-02-01T00:18:00+00:00,p,pressure,305,kPa,good,60000,startup-unseen,true,challenge-event-01
challenge-new-regime-01,pump-01,pump,2026-02-01T00:19:00+00:00,t,temperature,52.38,degC,good,60000,startup-unseen,true,challenge-event-01
challenge-new-regime-01,pump-01,pump,2026-02-01T00:19:00+00:00,v,vibration,2.2,mm/s,good,60000,startup-unseen,true,challenge-event-01
challenge-new-regime-01,pump-01,pump,2026-02-01T00:19:00+00:00,p,pressure,305,kPa,good,60000,startup-unseen,true,challenge-event-01
challenge-new-regime-01,pump-01,pump,2026-02-01T00:20:00+00:00,t,temperature,52.4,degC,good,60000,startup-unseen,true,challenge-event-01
challenge-new-regime-01,pump-01,pump,2026-02-01T00:20:00+00:00,v,vibration,2.2,mm/s,good,60000,startup-unseen,true,challenge-event-01
challenge-new-regime-01,pump-01,pump,2026-02-01T00:20:00+00:00,p,pressure,305,kPa,good,60000,startup-unseen,true,challenge-event-01
challenge-new-regime-01,pump-01,pump,2026-02-01T00:21:00+00:00,t,temperature,52.42,degC,good,60000,startup-unseen,true,challenge-event-01
challenge-new-regime-01,pump-01,pump,2026-02-01T00:21:00+00:00,v,vibration,2.2,mm/s,good,60000,startup-unseen,true,challenge-event-01
challenge-new-regime-01,pump-01,pump,2026-02-01T00:21:00+00:00,p,pressure,305,kPa,good,60000,startup-unseen,true,challenge-event-01
challenge-new-regime-01,pump-01,pump,2026-02-01T00:22:00+00:00,t,temperature,52.44,degC,good,60000,startup-unseen,true,challenge-event-01
challenge-new-regime-01,pump-01,pump,2026-02-01T00:22:00+00:00,v,vibration,2.2,mm/s,good,60000,startup-unseen,true,challenge-event-01
challenge-new-regime-01,pump-01,pump,2026-02-01T00:22:00+00:00,p,pressure,305,kPa,good,60000,startup-unseen,true,challenge-event-01
challenge-new-regime-01,pump-01,pump,2026-02-01T00:23:00+00:00,t,temperature,52.46,degC,good,60000,startup-unseen,true,challenge-event-01
challenge-new-regime-01,pump-01,pump,2026-02-01T00:23:00+00:00,v,vibration,2.2,mm/s,good,60000,startup-unseen,true,challenge-event-01
challenge-new-regime-01,pump-01,pump,2026-02-01T00:23:00+00:00,p,pressure,305,kPa,good,60000,startup-unseen,true,challenge-event-01
challenge-new-regime-01,pump-01,pump,2026-02-01T00:24:00+00:00,t,temperature,52.48,degC,good,60000,startup-unseen,true,challenge-event-01
challenge-new-regime-01,pump-01,pump,2026-02-01T00:24:00+00:00,v,vibration,2.2,mm/s,good,60000,startup-unseen,true,challenge-event-01
challenge-new-regime-01,pump-01,pump,2026-02-01T00:24:00+00:00,p,pressure,305,kPa,good,60000,startup-unseen,true,challenge-event-01
challenge-new-regime-01,pump-01,pump,2026-02-01T00:25:00+00:00,t,temperature,52.5,degC,good,60000,startup-unseen,true,challenge-event-01
challenge-new-regime-01,pump-01,pump,2026-02-01T00:25:00+00:00,v,vibration,2.2,mm/s,good,60000,startup-unseen,true,challenge-event-01
challenge-new-regime-01,pump-01,pump,2026-02-01T00:25:00+00:00,p,pressure,305,kPa,good,60000,startup-unseen,true,challenge-event-01
challenge-new-regime-01,pump-01,pump,2026-02-01T00:26:00+00:00,t,temperature,52.52,degC,good,60000,startup-unseen,true,challenge-event-01
challenge-new-regime-01,pump-01,pump,2026-02-01T00:26:00+00:00,v,vibration,2.2,mm/s,good,60000,startup-unseen,true,challenge-event-01
challenge-new-regime-01,pump-01,pump,2026-02-01T00:26:00+00:00,p,pressure,305,kPa,good,60000,startup-unseen,true,challenge-event-01
challenge-new-regime-01,pump-01,pump,2026-02-01T00:27:00+00:00,t,temperature,52.54,degC,good,60000,startup-unseen,true,challenge-event-01
challenge-new-regime-01,pump-01,pump,2026-02-01T00:27:00+00:00,v,vibration,2.2,mm/s,good,60000,startup-unseen,true,challenge-event-01
challenge-new-regime-01,pump-01,pump,2026-02-01T00:27:00+00:00,p,pressure,305,kPa,good,60000,startup-unseen,true,challenge-event-01
challenge-new-regime-01,pump-01,pump,2026-02-01T00:28:00+00:00,t,temperature,52.56,degC,good,60000,startup-unseen,true,challenge-event-01
challenge-new-regime-01,pump-01,pump,2026-02-01T00:28:00+00:00,v,vibration,2.2,mm/s,good,60000,startup-unseen,true,challenge-event-01
challenge-new-regime-01,pump-01,pump,2026-02-01T00:28:00+00:00,p,pressure,305,kPa,good,60000,startup-unseen,true,challenge-event-01
challenge-new-regime-01,pump-01,pump,2026-02-01T00:29:00+00:00,t,temperature,52.58,degC,good,60000,startup-unseen,true,challenge-event-01
challenge-new-regime-01,pump-01,pump,2026-02-01T00:29:00+00:00,v,vibration,2.2,mm/s,good,60000,startup-unseen,true,challenge-event-01
challenge-new-regime-01,pump-01,pump,2026-02-01T00:29:00+00:00,p,pressure,305,kPa,good,60000,startup-unseen,true,challenge-event-01
challenge-new-regime-01,pump-01,pump,2026-02-01T00:30:00+00:00,t,temperature,52.6,degC,good,60000,startup-unseen,true,challenge-event-01
challenge-new-regime-01,pump-01,pump,2026-02-01T00:30:00+00:00,v,vibration,2.2,mm/s,good,60000,startup-unseen,true,challenge-event-01
challenge-new-regime-01,pump-01,pump,2026-02-01T00:30:00+00:00,p,pressure,305,kPa,good,60000,startup-unseen,true,challenge-event-01
challenge-new-regime-01,pump-01,pump,2026-02-01T00:31:00+00:00,t,temperature,52.62,degC,good,60000,startup-unseen,true,challenge-event-01
challenge-new-regime-01,pump-01,pump,2026-02-01T00:31:00+00:00,v,vibration,2.2,mm/s,good,60000,startup-unseen,true,challenge-event-01
challenge-new-regime-01,pump-01,pump,2026-02-01T00:31:00+00:00,p,pressure,305,kPa,good,60000,startup-unseen,true,challenge-event-01
challenge-new-regime-01,pump-01,pump,2026-02-01T00:32:00+00:00,t,temperature,52.64,degC,good,60000,startup-unseen,true,challenge-event-01
challenge-new-regime-01,pump-01,pump,2026-02-01T00:32:00+00:00,v,vibration,2.2,mm/s,good,60000,startup-unseen,true,challenge-event-01
challenge-new-regime-01,pump-01,pump,2026-02-01T00:32:00+00:00,p,pressure,305,kPa,good,60000,startup-unseen,true,challenge-event-01
challenge-new-regime-01,pump-01,pump,2026-02-01T00:33:00+00:00,t,temperature,52.66,degC,good,60000,startup-unseen,true,challenge-event-01
challenge-new-regime-01,pump-01,pump,2026-02-01T00:33:00+00:00,v,vibration,2.2,mm/s,good,60000,startup-unseen,true,challenge-event-01
challenge-new-regime-01,pump-01,pump,2026-02-01T00:33:00+00:00,p,pressure,305,kPa,good,60000,startup-unseen,true,challenge-event-01
challenge-new-regime-01,pump-01,pump,2026-02-01T00:34:00+00:00,t,temperature,52.68,degC,good,60000,startup-unseen,true,challenge-event-01
challenge-new-regime-01,pump-01,pump,2026-02-01T00:34:00+00:00,v,vibration,2.2,mm/s,good,60000,startup-unseen,true,challenge-event-01
challenge-new-regime-01,pump-01,pump,2026-02-01T00:34:00+00:00,p,pressure,305,kPa,good,60000,startup-unseen,true,challenge-event-01
challenge-new-regime-01,pump-01,pump,2026-02-01T00:35:00+00:00,t,temperature,52.7,degC,good,60000,startup-unseen,true,challenge-event-01
challenge-new-regime-01,pump-01,pump,2026-02-01T00:35:00+00:00,v,vibration,2.2,mm/s,good,60000,startup-unseen,true,challenge-event-01
challenge-new-regime-01,pump-01,pump,2026-02-01T00:35:00+00:00,p,pressure,305,kPa,good,60000,startup-unseen,true,challenge-event-01
challenge-new-regime-01,pump-01,pump,2026-02-01T00:36:00+00:00,t,temperature,52.72,degC,good,60000,startup-unseen,true,challenge-event-01
challenge-new-regime-01,pump-01,pump,2026-02-01T00:36:00+00:00,v,vibration,2.2,mm/s,good,60000,startup-unseen,true,challenge-event-01
challenge-new-regime-01,pump-01,pump,2026-02-01T00:36:00+00:00,p,pressure,305,kPa,good,60000,startup-unseen,true,challenge-event-01
challenge-new-regime-01,pump-01,pump,2026-02-01T00:37:00+00:00,t,temperature,52.74,degC,good,60000,startup-unseen,true,challenge-event-01
challenge-new-regime-01,pump-01,pump,2026-02-01T00:37:00+00:00,v,vibration,2.2,mm/s,good,60000,startup-unseen,true,challenge-event-01
challenge-new-regime-01,pump-01,pump,2026-02-01T00:37:00+00:00,p,pressure,305,kPa,good,60000,startup-unseen,true,challenge-event-01
challenge-new-regime-01,pump-01,pump,2026-02-01T00:38:00+00:00,t,temperature,52.76,degC,good,60000,startup-unseen,true,challenge-event-01
challenge-new-regime-01,pump-01,pump,2026-02-01T00:38:00+00:00,v,vibration,2.2,mm/s,good,60000,startup-unseen,true,challenge-event-01
challenge-new-regime-01,pump-01,pump,2026-02-01T00:38:00+00:00,p,pressure,305,kPa,good,60000,startup-unseen,true,challenge-event-01
challenge-new-regime-01,pump-01,pump,2026-02-01T00:39:00+00:00,t,temperature,52.78,degC,good,60000,startup-unseen,true,challenge-event-01
challenge-new-regime-01,pump-01,pump,2026-02-01T00:39:00+00:00,v,vibration,2.2,mm/s,good,60000,startup-unseen,true,challenge-event-01
challenge-new-regime-01,pump-01,pump,2026-02-01T00:39:00+00:00,p,pressure,305,kPa,good,60000,startup-unseen,true,challenge-event-01
challenge-new-regime-01,pump-01,pump,2026-02-01T00:40:00+00:00,t,temperature,52.8,degC,good,60000,startup-unseen,true,challenge-event-01
challenge-new-regime-01,pump-01,pump,2026-02-01T00:40:00+00:00,v,vibration,2.2,mm/s,good,60000,startup-unseen,true,challenge-event-01
challenge-new-regime-01,pump-01,pump,2026-02-01T00:40:00+00:00,p,pressure,305,kPa,good,60000,startup-unseen,true,challenge-event-01
challenge-new-regime-01,pump-01,pump,2026-02-01T00:41:00+00:00,t,temperature,52.82,degC,good,60000,startup-unseen,true,challenge-event-01
challenge-new-regime-01,pump-01,pump,2026-02-01T00:41:00+00:00,v,vibration,2.2,mm/s,good,60000,startup-unseen,true,challenge-event-01
challenge-new-regime-01,pump-01,pump,2026-02-01T00:41:00+00:00,p,pressure,305,kPa,good,60000,startup-unseen,true,challenge-event-01
challenge-new-regime-01,pump-01,pump,2026-02-01T00:42:00+00:00,t,temperature,52.84,degC,good,60000,startup-unseen,true,challenge-event-01
challenge-new-regime-01,pump-01,pump,2026-02-01T00:42:00+00:00,v,vibration,2.2,mm/s,good,60000,startup-unseen,true,challenge-event-01
challenge-new-regime-01,pump-01,pump,2026-02-01T00:42:00+00:00,p,pressure,305,kPa,good,60000,startup-unseen,true,challenge-event-01
challenge-new-regime-01,pump-01,pump,2026-02-01T00:43:00+00:00,t,temperature,52.86,degC,good,60000,startup-unseen,true,challenge-event-01
challenge-new-regime-01,pump-01,pump,2026-02-01T00:43:00+00:00,v,vibration,2.2,mm/s,good,60000,startup-unseen,true,challenge-event-01
challenge-new-regime-01,pump-01,pump,2026-02-01T00:43:00+00:00,p,pressure,305,kPa,good,60000,startup-unseen,true,challenge-event-01
challenge-new-regime-01,pump-01,pump,2026-02-01T00:44:00+00:00,t,temperature,52.88,degC,good,60000,startup-unseen,true,challenge-event-01
challenge-new-regime-01,pump-01,pump,2026-02-01T00:44:00+00:00,v,vibration,2.2,mm/s,good,60000,startup-unseen,true,challenge-event-01
challenge-new-regime-01,pump-01,pump,2026-02-01T00:44:00+00:00,p,pressure,305,kPa,good,60000,startup-unseen,true,challenge-event-01
challenge-new-regime-01,pump-01,pump,2026-02-01T00:45:00+00:00,t,temperature,52.9,degC,good,60000,startup-unseen,true,challenge-event-01
challenge-new-regime-01,pump-01,pump,2026-02-01T00:45:00+00:00,v,vibration,2.2,mm/s,good,60000,startup-unseen,true,challenge-event-01
challenge-new-regime-01,pump-01,pump,2026-02-01T00:45:00+00:00,p,pressure,305,kPa,good,60000,startup-unseen,true,challenge-event-01
challenge-new-regime-01,pump-01,pump,2026-02-01T00:46:00+00:00,t,temperature,52.92,degC,good,60000,startup-unseen,true,challenge-event-01
challenge-new-regime-01,pump-01,pump,2026-02-01T00:46:00+00:00,v,vibration,2.2,mm/s,good,60000,startup-unseen,true,challenge-event-01
challenge-new-regime-01,pump-01,pump,2026-02-01T00:46:00+00:00,p,pressure,305,kPa,good,60000,startup-unseen,true,challenge-event-01
challenge-new-regime-01,pump-01,pump,2026-02-01T00:47:00+00:00,t,temperature,52.94,degC,good,60000,startup-unseen,true,challenge-event-01
challenge-new-regime-01,pump-01,pump,2026-02-01T00:47:00+00:00,v,vibration,2.2,mm/s,good,60000,startup-unseen,true,challenge-event-01
challenge-new-regime-01,pump-01,pump,2026-02-01T00:47:00+00:00,p,pressure,305,kPa,good,60000,startup-unseen,true,challenge-event-01
challenge-new-regime-01,pump-01,pump,2026-02-01T00:48:00+00:00,t,temperature,52.96,degC,good,60000,startup-unseen,true,challenge-event-01
challenge-new-regime-01,pump-01,pump,2026-02-01T00:48:00+00:00,v,vibration,2.2,mm/s,good,60000,startup-unseen,true,challenge-event-01
challenge-new-regime-01,pump-01,pump,2026-02-01T00:48:00+00:00,p,pressure,305,kPa,good,60000,startup-unseen,true,challenge-event-01
challenge-new-regime-01,pump-01,pump,2026-02-01T00:49:00+00:00,t,temperature,52.98,degC,good,60000,startup-unseen,true,challenge-event-01
challenge-new-regime-01,pump-01,pump,2026-02-01T00:49:00+00:00,v,vibration,2.2,mm/s,good,60000,startup-unseen,true,challenge-event-01
challenge-new-regime-01,pump-01,pump,2026-02-01T00:49:00+00:00,p,pressure,305,kPa,good,60000,startup-unseen,true,challenge-event-01
challenge-new-regime-01,pump-01,pump,2026-02-01T00:50:00+00:00,t,temperature,53.0,degC,good,60000,startup-unseen,true,challenge-event-01
challenge-new-regime-01,pump-01,pump,2026-02-01T00:50:00+00:00,v,vibration,2.2,mm/s,good,60000,startup-unseen,true,challenge-event-01
challenge-new-regime-01,pump-01,pump,2026-02-01T00:50:00+00:00,p,pressure,305,kPa,good,60000,startup-unseen,true,challenge-event-01
challenge-new-regime-01,pump-01,pump,2026-02-01T00:51:00+00:00,t,temperature,53.02,degC,good,60000,startup-unseen,true,challenge-event-01
challenge-new-regime-01,pump-01,pump,2026-02-01T00:51:00+00:00,v,vibration,2.2,mm/s,good,60000,startup-unseen,true,challenge-event-01
challenge-new-regime-01,pump-01,pump,2026-02-01T00:51:00+00:00,p,pressure,305,kPa,good,60000,startup-unseen,true,challenge-event-01
challenge-new-regime-01,pump-01,pump,2026-02-01T00:52:00+00:00,t,temperature,53.04,degC,good,60000,startup-unseen,true,challenge-event-01
challenge-new-regime-01,pump-01,pump,2026-02-01T00:52:00+00:00,v,vibration,2.2,mm/s,good,60000,startup-unseen,true,challenge-event-01
challenge-new-regime-01,pump-01,pump,2026-02-01T00:52:00+00:00,p,pressure,305,kPa,good,60000,startup-unseen,true,challenge-event-01
challenge-new-regime-01,pump-01,pump,2026-02-01T00:53:00+00:00,t,temperature,53.06,degC,good,60000,startup-unseen,true,challenge-event-01
challenge-new-regime-01,pump-01,pump,2026-02-01T00:53:00+00:00,v,vibration,2.2,mm/s,good,60000,startup-unseen,true,challenge-event-01
challenge-new-regime-01,pump-01,pump,2026-02-01T00:53:00+00:00,p,pressure,305,kPa,good,60000,startup-unseen,true,challenge-event-01
challenge-new-regime-01,pump-01,pump,2026-02-01T00:54:00+00:00,t,temperature,53.08,degC,good,60000,startup-unseen,true,challenge-event-01
challenge-new-regime-01,pump-01,pump,2026-02-01T00:54:00+00:00,v,vibration,2.2,mm/s,good,60000,startup-unseen,true,challenge-event-01
challenge-new-regime-01,pump-01,pump,2026-02-01T00:54:00+00:00,p,pressure,305,kPa,good,60000,startup-unseen,true,challenge-event-01
challenge-new-regime-01,pump-01,pump,2026-02-01T00:55:00+00:00,t,temperature,53.1,degC,good,60000,startup-unseen,true,challenge-event-01
challenge-new-regime-01,pump-01,pump,2026-02-01T00:55:00+00:00,v,vibration,2.2,mm/s,good,60000,startup-unseen,true,challenge-event-01
challenge-new-regime-01,pump-01,pump,2026-02-01T00:55:00+00:00,p,pressure,305,kPa,good,60000,startup-unseen,true,challenge-event-01
challenge-new-regime-01,pump-01,pump,2026-02-01T00:56:00+00:00,t,temperature,53.12,degC,good,60000,startup-unseen,true,challenge-event-01
challenge-new-regime-01,pump-01,pump,2026-02-01T00:56:00+00:00,v,vibration,2.2,mm/s,good,60000,startup-unseen,true,challenge-event-01
challenge-new-regime-01,pump-01,pump,2026-02-01T00:56:00+00:00,p,pressure,305,kPa,good,60000,startup-unseen,true,challenge-event-01
challenge-new-regime-01,pump-01,pump,2026-02-01T00:57:00+00:00,t,temperature,53.14,degC,good,60000,startup-unseen,true,challenge-event-01
challenge-new-regime-01,pump-01,pump,2026-02-01T00:57:00+00:00,v,vibration,2.2,mm/s,good,60000,startup-unseen,true,challenge-event-01
challenge-new-regime-01,pump-01,pump,2026-02-01T00:57:00+00:00,p,pressure,305,kPa,good,60000,startup-unseen,true,challenge-event-01
challenge-new-regime-01,pump-01,pump,2026-02-01T00:58:00+00:00,t,temperature,53.16,degC,good,60000,startup-unseen,true,challenge-event-01
challenge-new-regime-01,pump-01,pump,2026-02-01T00:58:00+00:00,v,vibration,2.2,mm/s,good,60000,startup-unseen,true,challenge-event-01
challenge-new-regime-01,pump-01,pump,2026-02-01T00:58:00+00:00,p,pressure,305,kPa,good,60000,startup-unseen,true,challenge-event-01
challenge-new-regime-01,pump-01,pump,2026-02-01T00:59:00+00:00,t,temperature,53.18,degC,good,60000,startup-unseen,true,challenge-event-01
challenge-new-regime-01,pump-01,pump,2026-02-01T00:59:00+00:00,v,vibration,2.2,mm/s,good,60000,startup-unseen,true,challenge-event-01
challenge-new-regime-01,pump-01,pump,2026-02-01T00:59:00+00:00,p,pressure,305,kPa,good,60000,startup-unseen,true,challenge-event-01
challenge-new-regime-01,pump-01,pump,2026-02-01T01:00:00+00:00,t,temperature,53.2,degC,good,60000,startup-unseen,true,challenge-event-01
challenge-new-regime-01,pump-01,pump,2026-02-01T01:00:00+00:00,v,vibration,2.2,mm/s,good,60000,startup-unseen,true,challenge-event-01
challenge-new-regime-01,pump-01,pump,2026-02-01T01:00:00+00:00,p,pressure,305,kPa,good,60000,startup-unseen,true,challenge-event-01
challenge-new-regime-01,pump-01,pump,2026-02-01T01:01:00+00:00,t,temperature,53.22,degC,good,60000,startup-unseen,true,challenge-event-01
challenge-new-regime-01,pump-01,pump,2026-02-01T01:01:00+00:00,v,vibration,2.2,mm/s,good,60000,startup-unseen,true,challenge-event-01
challenge-new-regime-01,pump-01,pump,2026-02-01T01:01:00+00:00,p,pressure,305,kPa,good,60000,startup-unseen,true,challenge-event-01
challenge-new-regime-01,pump-01,pump,2026-02-01T01:02:00+00:00,t,temperature,53.24,degC,good,60000,startup-unseen,true,challenge-event-01
challenge-new-regime-01,pump-01,pump,2026-02-01T01:02:00+00:00,v,vibration,2.2,mm/s,good,60000,startup-unseen,true,challenge-event-01
challenge-new-regime-01,pump-01,pump,2026-02-01T01:02:00+00:00,p,pressure,305,kPa,good,60000,startup-unseen,true,challenge-event-01
challenge-new-regime-01,pump-01,pump,2026-02-01T01:03:00+00:00,t,temperature,53.26,degC,good,60000,startup-unseen,true,challenge-event-01
challenge-new-regime-01,pump-01,pump,2026-02-01T01:03:00+00:00,v,vibration,2.2,mm/s,good,60000,startup-unseen,true,challenge-event-01
challenge-new-regime-01,pump-01,pump,2026-02-01T01:03:00+00:00,p,pressure,305,kPa,good,60000,startup-unseen,true,challenge-event-01
challenge-new-regime-01,pump-01,pump,2026-02-01T01:04:00+00:00,t,temperature,53.28,degC,good,60000,startup-unseen,true,challenge-event-01
challenge-new-regime-01,pump-01,pump,2026-02-01T01:04:00+00:00,v,vibration,2.2,mm/s,good,60000,startup-unseen,true,challenge-event-01
challenge-new-regime-01,pump-01,pump,2026-02-01T01:04:00+00:00,p,pressure,305,kPa,good,60000,startup-unseen,true,challenge-event-01
challenge-new-regime-01,pump-01,pump,2026-02-01T01:05:00+00:00,t,temperature,53.3,degC,good,60000,startup-unseen,true,challenge-event-01
challenge-new-regime-01,pump-01,pump,2026-02-01T01:05:00+00:00,v,vibration,2.2,mm/s,good,60000,startup-unseen,true,challenge-event-01
challenge-new-regime-01,pump-01,pump,2026-02-01T01:05:00+00:00,p,pressure,305,kPa,good,60000,startup-unseen,true,challenge-event-01
challenge-new-regime-01,pump-01,pump,2026-02-01T01:06:00+00:00,t,temperature,53.32,degC,good,60000,startup-unseen,true,challenge-event-01
challenge-new-regime-01,pump-01,pump,2026-02-01T01:06:00+00:00,v,vibration,2.2,mm/s,good,60000,startup-unseen,true,challenge-event-01
challenge-new-regime-01,pump-01,pump,2026-02-01T01:06:00+00:00,p,pressure,305,kPa,good,60000,startup-unseen,true,challenge-event-01
challenge-new-regime-01,pump-01,pump,2026-02-01T01:07:00+00:00,t,temperature,53.34,degC,good,60000,startup-unseen,true,challenge-event-01
challenge-new-regime-01,pump-01,pump,2026-02-01T01:07:00+00:00,v,vibration,2.2,mm/s,good,60000,startup-unseen,true,challenge-event-01
challenge-new-regime-01,pump-01,pump,2026-02-01T01:07:00+00:00,p,pressure,305,kPa,good,60000,startup-unseen,true,challenge-event-01
challenge-new-regime-01,pump-01,pump,2026-02-01T01:08:00+00:00,t,temperature,53.36,degC,good,60000,startup-unseen,true,challenge-event-01
challenge-new-regime-01,pump-01,pump,2026-02-01T01:08:00+00:00,v,vibration,2.2,mm/s,good,60000,startup-unseen,true,challenge-event-01
challenge-new-regime-01,pump-01,pump,2026-02-01T01:08:00+00:00,p,pressure,305,kPa,good,60000,startup-unseen,true,challenge-event-01
challenge-new-regime-01,pump-01,pump,2026-02-01T01:09:00+00:00,t,temperature,53.38,degC,good,60000,startup-unseen,true,challenge-event-01
challenge-new-regime-01,pump-01,pump,2026-02-01T01:09:00+00:00,v,vibration,2.2,mm/s,good,60000,startup-unseen,true,challenge-event-01
challenge-new-regime-01,pump-01,pump,2026-02-01T01:09:00+00:00,p,pressure,305,kPa,good,60000,startup-unseen,true,challenge-event-01
challenge-new-regime-01,pump-01,pump,2026-02-01T01:10:00+00:00,t,temperature,53.4,degC,good,60000,startup-unseen,true,challenge-event-01
challenge-new-regime-01,pump-01,pump,2026-02-01T01:10:00+00:00,v,vibration,2.2,mm/s,good,60000,startup-unseen,true,challenge-event-01
challenge-new-regime-01,pump-01,pump,2026-02-01T01:10:00+00:00,p,pressure,305,kPa,good,60000,startup-unseen,true,challenge-event-01
challenge-new-regime-01,pump-01,pump,2026-02-01T01:11:00+00:00,t,temperature,53.42,degC,good,60000,startup-unseen,true,challenge-event-01
challenge-new-regime-01,pump-01,pump,2026-02-01T01:11:00+00:00,v,vibration,2.2,mm/s,good,60000,startup-unseen,true,challenge-event-01
challenge-new-regime-01,pump-01,pump,2026-02-01T01:11:00+00:00,p,pressure,305,kPa,good,60000,startup-unseen,true,challenge-event-01
challenge-new-regime-01,pump-01,pump,2026-02-01T01:12:00+00:00,t,temperature,53.44,degC,good,60000,startup-unseen,true,challenge-event-01
challenge-new-regime-01,pump-01,pump,2026-02-01T01:12:00+00:00,v,vibration,2.2,mm/s,good,60000,startup-unseen,true,challenge-event-01
challenge-new-regime-01,pump-01,pump,2026-02-01T01:12:00+00:00,p,pressure,305,kPa,good,60000,startup-unseen,true,challenge-event-01
challenge-new-regime-01,pump-01,pump,2026-02-01T01:13:00+00:00,t,temperature,53.46,degC,good,60000,startup-unseen,true,challenge-event-01
challenge-new-regime-01,pump-01,pump,2026-02-01T01:13:00+00:00,v,vibration,2.2,mm/s,good,60000,startup-unseen,true,challenge-event-01
challenge-new-regime-01,pump-01,pump,2026-02-01T01:13:00+00:00,p,pressure,305,kPa,good,60000,startup-unseen,true,challenge-event-01
challenge-new-regime-01,pump-01,pump,2026-02-01T01:14:00+00:00,t,temperature,53.48,degC,good,60000,startup-unseen,true,challenge-event-01
challenge-new-regime-01,pump-01,pump,2026-02-01T01:14:00+00:00,v,vibration,2.2,mm/s,good,60000,startup-unseen,true,challenge-event-01
challenge-new-regime-01,pump-01,pump,2026-02-01T01:14:00+00:00,p,pressure,305,kPa,good,60000,startup-unseen,true,challenge-event-01
challenge-new-regime-01,pump-01,pump,2026-02-01T01:15:00+00:00,t,temperature,53.5,degC,good,60000,startup-unseen,true,challenge-event-01
challenge-new-regime-01,pump-01,pump,2026-02-01T01:15:00+00:00,v,vibration,2.2,mm/s,good,60000,startup-unseen,true,challenge-event-01
challenge-new-regime-01,pump-01,pump,2026-02-01T01:15:00+00:00,p,pressure,305,kPa,good,60000,startup-unseen,true,challenge-event-01
challenge-new-regime-01,pump-01,pump,2026-02-01T01:16:00+00:00,t,temperature,53.52,degC,good,60000,startup-unseen,true,challenge-event-01
challenge-new-regime-01,pump-01,pump,2026-02-01T01:16:00+00:00,v,vibration,2.2,mm/s,good,60000,startup-unseen,true,challenge-event-01
challenge-new-regime-01,pump-01,pump,2026-02-01T01:16:00+00:00,p,pressure,305,kPa,good,60000,startup-unseen,true,challenge-event-01
challenge-new-regime-01,pump-01,pump,2026-02-01T01:17:00+00:00,t,temperature,53.54,degC,good,60000,startup-unseen,true,challenge-event-01
challenge-new-regime-01,pump-01,pump,2026-02-01T01:17:00+00:00,v,vibration,2.2,mm/s,good,60000,startup-unseen,true,challenge-event-01
challenge-new-regime-01,pump-01,pump,2026-02-01T01:17:00+00:00,p,pressure,305,kPa,good,60000,startup-unseen,true,challenge-event-01
challenge-new-regime-01,pump-01,pump,2026-02-01T01:18:00+00:00,t,temperature,53.56,degC,good,60000,startup-unseen,true,challenge-event-01
challenge-new-regime-01,pump-01,pump,2026-02-01T01:18:00+00:00,v,vibration,2.2,mm/s,good,60000,startup-unseen,true,challenge-event-01
challenge-new-regime-01,pump-01,pump,2026-02-01T01:18:00+00:00,p,pressure,305,kPa,good,60000,startup-unseen,true,challenge-event-01
challenge-new-regime-01,pump-01,pump,2026-02-01T01:19:00+00:00,t,temperature,53.58,degC,good,60000,startup-unseen,true,challenge-event-01
challenge-new-regime-01,pump-01,pump,2026-02-01T01:19:00+00:00,v,vibration,2.2,mm/s,good,60000,startup-unseen,true,challenge-event-01
challenge-new-regime-01,pump-01,pump,2026-02-01T01:19:00+00:00,p,pressure,305,kPa,good,60000,startup-unseen,true,challenge-event-01
